{
  "parent": "minecraft:adventure/root",
  "criteria": {
    "requirement": {
      "trigger": "minecraft:impossible"
    }
  },
  "display": {
    "description": {
      "translate": "advancements.adventure.lightning_rod_with_villager_no_fire.description"
    },
    "icon": {
      "item": "minecraft:lightning_rod"
    },
    "title": {
      "translate": "advancements.adventure.lightning_rod_with_villager_no_fire.title"
    }
  },
  "requirements": [
    [
      "lightning_rod_with_villager_no_fire"
    ]
  ],
  "sends_telemetry_event": true
}