{
    "display":
    {
        "icon": {"item": "minecraft:beetroot"},
        "title": {"translate": "Dem Beets"},
        "description": {"translate": "You be droppin 64 Beets."}
    },
    "parent": "skyblock:farmer/seedy_place",
    "criteria":
    {
        "beetroot":
        {
	    "trigger": "minecraft:inventory_changed",
            "conditions" : {
                "items": [
                    {
                        "items": [
                            "minecraft:beetroot"
                        ],
                        "count": 64
                    }
                ]
            }
        }
    }
}
