{
    "display":
    {
        "icon": {"item": "minecraft:beetroot_soup"},
        "title": {"translate": "Beetroot Soup"},
        "description": {"translate": "Craft a Bowl of Beetroot Soup."}
    },
    "parent": "skyblock:farmer/beetroot",
    "criteria":
    {
        "beetroot_soup":
        {
	    "trigger": "minecraft:inventory_changed",
            "conditions" : {
                "items": [
                    {
                        "items": [
                            "minecraft:beetroot_soup"
                        ]
                    }
                ]
            }
        }
    }
}
