{
    "display":
    {
        "icon": {"id": "minecraft:jack_o_lantern"},
        "title": {"translate": "Halloween!"},
        "description": {"translate": "Carve and craft 64 Jack o'Lanterns."}
    },
    "parent": "skyblock:farmer/pumpkin",
    "criteria":
    {
        "jack_o_lantern":
        {
	    "trigger": "minecraft:inventory_changed",
            "conditions" : {
                "items": [
                    {
                        "items": [
                            "minecraft:jack_o_lantern"
                        ],
                        "count": 64
                    }
                ]
            }
        }
    }
}
