{
    "display": {
      "icon": {
        "item": "minecraft:melon"
      },
      "title": "Melon Farmer ",
      "description": "Get a stack of Melon Blocks."
    },
    "parent": "skyblock:farmer/seedy_place",
    "criteria": {
      "requirement": {
        "trigger": "minecraft:inventory_changed",
        "conditions": {
          "items": [
            {
              "items": [
                "minecraft:melon"
              ],
              "count": 64
            }
          ]
        }
      }
    }
  }
  