{
  "display": {
    "icon": {
      "item": "minecraft:seagrass"
    },
    "title": {
      "translate": "Fancy Grass"
    },
    "description": {
      "translate": "Obtain Seagrass."
    }
  },
  "parent": "skyblock:ocean/root",
  "criteria": {
    "Seagrass": {
      "trigger": "minecraft:inventory_changed",
      "conditions": {
        "items": [
          {
            "items": ["minecraft:seagrass"],
            "count": 1
          }
        ]
      }
    }
  }
}
