{
  "display": {
    "icon": {
      "id": "minecraft:rotten_flesh"
    },
    "title": "Zombie Hunter",
    "description": "Slay a Zombie.",
    "frame": "task",
    "show_toast": true,
    "announce_to_chat": true,
    "hidden": false
  },
  "parent": "minecraft:story/fake_cave",
  "criteria": {
    "requirement": {
      "trigger": "minecraft:player_killed_entity",
      "conditions": {
        "entity": {
          "type": "minecraft:zombie"
        }
      }
    }
  },
  "sends_telemetry_event": true
}
