{
  "parent": "minecraft:husbandry/root",
  "criteria": {
    "netherite_hoe": {
      "conditions": {
        "items": [
          {
            "items": [
              "minecraft:netherite_hoe"
            ]
          }
        ]
      },
      "trigger": "minecraft:inventory_changed"
    }
  },
  "display": {
    "description": {
      "translate": "advancements.husbandry.netherite_hoe.description"
    },
    "frame": "challenge",
    "icon": {
      "id": "minecraft:netherite_hoe",
      "nbt": "{Damage:0}"
    },
    "title": {
      "translate": "advancements.husbandry.netherite_hoe.title"
    }
  },
  "requirements": [
    [
      "netherite_hoe"
    ]
  ],
  "rewards": {
    "experience": 100
  },
  "sends_telemetry_event": true
}