{
  "display": {
    "icon": {
      "item": "minecraft:charcoal"
    },
    "title": "Torch Time",
    "description": "Craft 16 torches using charcoal.",
    "show_toast": true,
    "announce_to_chat": true,
    "hidden": false
  },
  "parent": "minecraft:story/furnace",
  "criteria": {
    "requirement": {
      "trigger": "minecraft:inventory_changed",
      "conditions": {
        "items": [
          {
            "items": [
              "minecraft:torch"
            ],
            "count": 16
          }
        ]
      }
    }
  },
  "sends_telemetry_event": true
}
