{
    "display":
    {
        "icon": {"id": "minecraft:prismarine_shard"},
        "title": {"translate": "Guardian Slayer"},
        "description": {"translate": "Kill a Guardian."}
    },
    "parent": "skyblock:ocean/monument",
    "criteria":
    {
        "guardian":
        {
            "trigger": "minecraft:player_killed_entity",
            "conditions": {
                "entity": {
                    "type": "guardian"
                }
            }
        }
    }
}
