{
    "display":
    {
        "icon": {"id": "minecraft:turtle_scute"},
        "title": {"translate": "Scute, Scute!"},
        "description": {"translate": "Watch a Turtle grow up then collect it's Scute."}
    },
    "parent": "skyblock:ocean/turtle_bread",
    "criteria":
    {
        "gravel":
        {
            "trigger": "minecraft:inventory_changed",
            "conditions" : {
                "items": [
                    {
                        "items": [
                            "minecraft:turtle_scute"
                        ]
                    }
                ]
            }
        }
    }
}
